<annotation>
	<folder>Kangaroo</folder>
	<filename>00004.jpg</filename>
	<path>/home/andy/Desktop/Kangaroo/little-child-girl-age-1-2-feed-gray-kangaroo-in-queensland-australia-h8tyyj.jpg</path>
	<source>
		<database>Unknown</database>
	</source>
	<size>
		<width>450</width>
		<height>319</height>
		<depth>3</depth>
	</size>
	<segmented>0</segmented>
	<object>
		<name>teddy bear</name>
		<pose>Unspecified</pose>
		<truncated>0</truncated>
		<difficult>0</difficult>
		<bndbox>
			<xmin>15</xmin>
			<ymin>71</ymin>
			<xmax>316</xmax>
			<ymax>233</ymax>
		</bndbox>
	</object>
</annotation>
