<annotation>
	<folder>Kangaroo</folder>
	<filename>00005.jpg</filename>
	<path>/home/andy/Desktop/Kangaroo/5847d69c75f92_b88322578z.1_20161207172255_000_gmfprjev.2_1.jpg</path>
	<source>
		<database>Unknown</database>
	</source>
	<size>
		<width>1000</width>
		<height>615</height>
		<depth>3</depth>
	</size>
	<segmented>0</segmented>
	<object>
		<name>dog</name>
		<pose>Unspecified</pose>
		<truncated>0</truncated>
		<difficult>0</difficult>
		<bndbox>
			<xmin>508</xmin>
			<ymin>213</ymin>
			<xmax>843</xmax>
			<ymax>466</ymax>
		</bndbox>
	</object>
</annotation>
