<annotation>
	<folder>Kangaroo</folder>
	<filename>00002.jpg</filename>
	<path>/home/andy/Desktop/Kangaroo/give-us-a-kiss.jpg</path>
	<source>
		<database>Unknown</database>
	</source>
	<size>
		<width>550</width>
		<height>309</height>
		<depth>3</depth>
	</size>
	<segmented>0</segmented>
	<object>
		<name>80</name>
		<pose>Unspecified</pose>
		<truncated>1</truncated>
		<difficult>0</difficult>
		<bndbox>
			<xmin>156</xmin>
			<ymin>114</ymin>
			<xmax>240</xmax>
			<ymax>309</ymax>
		</bndbox>
	</object>
	<object>
		<name>80</name>
		<pose>Unspecified</pose>
		<truncated>0</truncated>
		<difficult>0</difficult>
		<bndbox>
			<xmin>222</xmin>
			<ymin>117</ymin>
			<xmax>415</xmax>
			<ymax>306</ymax>
		</bndbox>
	</object>
</annotation>
