<annotation>
	<folder>Kangaroo</folder>
	<filename>00007.jpg</filename>
	<path>/home/andy/Desktop/Kangaroo/24B48DAB00000578-0-image-a-1_1421282208553.jpg</path>
	<source>
		<database>Unknown</database>
	</source>
	<size>
		<width>634</width>
		<height>357</height>
		<depth>3</depth>
	</size>
	<segmented>0</segmented>
	<object>
		<name>80</name>
		<pose>Unspecified</pose>
		<truncated>0</truncated>
		<difficult>0</difficult>
		<bndbox>
			<xmin>273</xmin>
			<ymin>24</ymin>
			<xmax>603</xmax>
			<ymax>301</ymax>
		</bndbox>
	</object>
</annotation>
