<annotation>
	<folder>Kangaroo</folder>
	<filename>00010.jpg</filename>
	<path>/home/andy/Desktop/Kangaroo/04.jpg</path>
	<source>
		<database>Unknown</database>
	</source>
	<size>
		<width>900</width>
		<height>600</height>
		<depth>3</depth>
	</size>
	<segmented>0</segmented>
	<object>
		<name>80</name>
		<pose>Unspecified</pose>
		<truncated>1</truncated>
		<difficult>0</difficult>
		<bndbox>
			<xmin>9</xmin>
			<ymin>116</ymin>
			<xmax>653</xmax>
			<ymax>600</ymax>
		</bndbox>
	</object>
	<object>
		<name>80</name>
		<pose>Unspecified</pose>
		<truncated>0</truncated>
		<difficult>0</difficult>
		<bndbox>
			<xmin>52</xmin>
			<ymin>74</ymin>
			<xmax>540</xmax>
			<ymax>569</ymax>
		</bndbox>
	</object>
	<object>
		<name>80</name>
		<pose>Unspecified</pose>
		<truncated>1</truncated>
		<difficult>0</difficult>
		<bndbox>
			<xmin>1</xmin>
			<ymin>125</ymin>
			<xmax>121</xmax>
			<ymax>599</ymax>
		</bndbox>
	</object>
</annotation>
