<annotation>
	<folder>images</folder>
	<filename>00004.jpg</filename>
	<path>/home/ostap/Downloads/kangaroo/my_data/images/00004.jpg</path>
	<source>
		<database>Unknown</database>
	</source>
	<size>
		<width>450</width>
		<height>319</height>
		<depth>3</depth>
	</size>
	<segmented>0</segmented>
	<object>
		<name>dog</name>
		<pose>Unspecified</pose>
		<truncated>0</truncated>
		<difficult>0</difficult>
		<bndbox>
			<xmin>15</xmin>
			<ymin>71</ymin>
			<xmax>316</xmax>
			<ymax>233</ymax>
		</bndbox>
	</object>
</annotation>
