<annotation>
	<folder>Kangaroo</folder>
	<filename>00003.jpg</filename>
	<path>/home/andy/Desktop/Kangaroo/kangaroo-460_1116357c.jpg</path>
	<source>
		<database>Unknown</database>
	</source>
	<size>
		<width>460</width>
		<height>288</height>
		<depth>3</depth>
	</size>
	<segmented>0</segmented>
	<object>
		<name>dog</name>
		<pose>Unspecified</pose>
		<truncated>0</truncated>
		<difficult>0</difficult>
		<bndbox>
			<xmin>99</xmin>
			<ymin>5</ymin>
			<xmax>403</xmax>
			<ymax>279</ymax>
		</bndbox>
	</object>
</annotation>
